0x18DA00F9;EEM4S5
0x14DA03F9;TRANS NEO - App111
0x18DA07F9;A7 Hitch - App37
0x18DA08F9;A7 Trans - App38
0x14DA09F9;Keyboard
0x14DA15F9;HVAC
0x14DA16F9;RHS M2
0x18DA17F9;IC2 Dashboard
0x18DA18F9;Centurion Dashboard
0x18DA1CF9;VD0x / STW
0x14DA20F9;Armrest
0x14DA21F9;Shiftlever
0x14DA22F9;Joystick
0x18DA2FF9;SUS1 / CAB Sups
0x18DA31F9;CABECU
0x18E335F9;CABECU - DMx service for Prod/Eng
0x18DA32F9;IO extention
0x18E336F9;IO extention - DMx service for Prod/Eng
0x18DA4AF9;ACM
0x14DA80F9;Valve 0 (virgin)
0x14DA81F9;Valve 1
0x14DA82F9;Valve 2
0x14DA83F9;Valve 3
0x14DA84F9;Valve 4
0x14DA85F9;Valve 5
0x14DA86F9;Valve 6
0x14DA87F9;Valve 7
0x14DA88F9;Valve 8
0x14DA89F9;Valve 9
0x14DA8AF9;Valve 10
0x14DA8BF9;Valve 11
0x14DA8CF9;Valve 12
0x14DA8DF9;Valve 13
0x14DA8EF9;Steering Valve
0x14DA8FF9;Rear Lift valve
0x14DA90F9;Loader
0x14DAA0F9;A5 Trans Dyna - 4PS1 - App167
0x14DAA1F9;A5 Trans Dyna - 4PS2 - App168
0x0ADAA5F9;A5 virgin
0x0ADAA7F9;A7 virgin
0x14DAAAF9;A5 Trans Dyna - 6PS1 - App177
0x14DAABF9;A5 Trans Dyna - 6PS2 - App178
0x14DADDF9;A5 RHS - App221
0x14DAEBF9;A5 Trans Dyna - REH - App137
0x14DAECF9;A5 Trans Dyna - 4PS - App138
0x0ADAEDF9;A11 virgin
0x14DAFCF9;IC1
0x0ADAD0F9;A5 Cab susp Valtra
0x0ADAD1F9;A5 Cab susp MF
0x0ADAD2F9;A5 Additionnal
0x0ADAD3F9;A5 Cab Armrest
0x18DAF900;EEM4S5
0x14DAF903;TRANS NEO - App111
0x18DAF907;A7 Hitch - App37
0x18DAF908;A7 Trans - App38
0x14DAF909;Keyboard
0x14DAF915;HVAC
0x14DAF916;RHS M2
0x18DAF917;IC2 Dashboard
0x18DAF918;Centurion Dashboard
0x18DAF91C;VD0x / STW
0x14DAF920;Armrest
0x14DAF921;Shiftlever
0x14DAF922;Joystick
0x18DAF92F;SUS1 / CAB Sups
0x18DAF931;CABECU
0x18FED035;CABECU - DMx service for Prod/Eng
0x18DAF932;IO extention
0x18FED036;IO extention - DMx service for Prod/Eng
0x18DAF94A;ACM
0x14DAF980;Valve 0 (virgin)
0x14DAF981;Valve 1
0x14DAF982;Valve 2
0x14DAF983;Valve 3
0x14DAF984;Valve 4
0x14DAF985;Valve 5
0x14DAF986;Valve 6
0x14DAF987;Valve 7
0x14DAF988;Valve 8
0x14DAF989;Valve 9
0x14DAF98A;Valve 10
0x14DAF98B;Valve 11
0x14DAF98C;Valve 12
0x14DAF98D;Valve 13
0x14DAF98E;Steering Valve
0x14DAF98F;Rear Lift valve
0x14DAF990;Loader
0x14DAF9A0;A5 Trans Dyna - 4PS1 - App167
0x14DAF9A1;A5 Trans Dyna - 4PS2 - App168
0x0ADAF9A5;A5 virgin
0x0ADAF9A7;A7 virgin
0x14DAF9AA;A5 Trans Dyna - 6PS1 - App177
0x14DAF9AB;A5 Trans Dyna - 6PS2 - App178
0x14DAF9DD;A5 RHS - App221
0x14DAF9EB;A5 Trans Dyna - REH - App137
0x14DAF9EC;A5 Trans Dyna - 4PS - App138
0x0ADAF9ED;A11 virgin
0x14DAF9FC;IC1
0x0ADAF9D0;A5 Cab susp Valtra
0x0ADAF9D1;A5 Cab susp MF
0x0ADAF9D2;A5 Additionnal
0x0ADAF9D3;A5 Cab Armrest
EOF;
